{
  "sheet": "Adventure",
  "defaultColumn": "Name",
  "definitions": [
    {
      "name": "Level",
      "converter": {
        "type": "link",
        "target": "Level"
      }
    },
    {
      "index": 3,
      "name": "Emote",
      "converter": {
        "type": "link",
        "target": "Emote"
      }
    },
    {
      "index": 4,
      "name": "MinTime"
    },
    {
      "index": 5,
      "name": "MaxTime"
    },
    {
      "index": 6,
      "name": "PlaceName",
      "converter": {
        "type": "link",
        "target": "PlaceName"
      }
    },
    {
      "index": 7,
      "name": "Icon{List}",
      "converter": {
        "type": "icon"
      }
    },
    {
      "index": 8,
      "name": "Icon{Discovered}",
      "converter": {
        "type": "icon"
      }
    },
    {
      "index": 9,
      "name": "Name"
    },
    {
      "index": 10,
      "name": "Impression"
    },
    {
      "index": 11,
      "name": "Description"
    },
    {
      "index": 12,
      "name": "Icon{Undiscovered}",
      "converter": {
        "type": "icon"
      }
    },
    {
      "index": 13,
      "name": "IsInitial"
    }
  ]
}