{
  "sheet": "ClassJob",
  "defaultColumn": "Name",
  "definitions": [
    {
      "name": "Name"
    },
    {
      "index": 1,
      "name": "Abbreviation"
    },
    {
      "index": 3,
      "name": "ClassJobCategory",
      "converter": {
        "type": "link",
        "target": "ClassJobCategory"
      }
    },
    {
      "index": 4,
      "name": "ExpArrayIndex"
    },
    {
      "index": 7,
      "name": "JobIndex"
    },
    {
      "index": 9,
      "name": "Modifier{HitPoints}"
    },
    {
      "index": 10,
      "name": "Modifier{ManaPoints}"
    },
    {
      "index": 11,
      "name": "Modifier{Strength}"
    },
    {
      "index": 12,
      "name": "Modifier{Vitality}"
    },
    {
      "index": 13,
      "name": "Modifier{Dexterity}"
    },
    {
      "index": 14,
      "name": "Modifier{Intelligence}"
    },
    {
      "index": 15,
      "name": "Modifier{Mind}"
    },
    {
      "index": 16,
      "name": "Modifier{Piety}"
    },
    {
      "index": 26,
      "name": "ClassJob{Parent}",
      "converter": {
        "type": "link",
        "target": "ClassJob"
      }
    },
    {
      "index": 27,
      "name": "Name{English}"
    },
    {
      "index": 28,
      "name": "Item{StartingWeapon}",
      "converter": {
        "type": "link",
        "target": "Item"
      }
    },
    {
      "index": 30,
      "name": "Role"
    },
    {
      "index": 31,
      "name": "StartingTown",
      "converter": {
        "type": "link",
        "target": "Town"
      }
    },
    {
      "index": 33,
      "name": "PrimaryStat"
    },
    {
      "index": 34,
      "name": "LimitBreak1",
      "converter": {
        "type": "link",
        "target": "Action"
      }
    },
    {
      "index": 35,
      "name": "LimitBreak2",
      "converter": {
        "type": "link",
        "target": "Action"
      }
    },
    {
      "index": 36,
      "name": "LimitBreak3",
      "converter": {
        "type": "link",
        "target": "Action"
      }
    },
    {
      "index": 37,
      "name": "UIPriority"
    },
    {
      "index": 38,
      "name": "Item{SoulCrystal}",
      "converter": {
        "type": "link",
        "target": "Item"
      }
    },
    {
      "index": 39,
      "name": "UnlockQuest",
      "converter": {
        "type": "link",
        "target": "Quest"
      }
    },
    {
      "index": 40,
      "name": "RelicQuest",
      "converter": {
        "type": "link",
        "target": "Quest"
      }
    },
    {
      "index": 41,
      "name": "Prerequisite",
      "converter": {
        "type": "link",
        "target": "Quest"
      }
    },
    {
      "index": 42,
      "name": "StartingLevel"
    },
    {
      "index": 43,
      "name": "PartyBonus"
    },
    {
      "index": 44,
      "name": "IsLimitedJob"
    },
    {
      "index": 45,
      "name": "CanQueueForDuty"
    }
  ]
}