{
  "sheet": "Companion",
  "defaultColumn": "Singular",
  "definitions": [
    {
      "name": "Singular"
    },
    {
      "index": 1,
      "name": "Adjective"
    },
    {
      "index": 2,
      "name": "Plural"
    },
    {
      "index": 3,
      "name": "PossessivePronoun"
    },
    {
      "index": 4,
      "name": "StartsWithVowel"
    },
    {
      "index": 6,
      "name": "Pronoun"
    },
    {
      "index": 7,
      "name": "Article"
    },
    {
      "index": 8,
      "name": "Model",
      "converter": {
        "type": "link",
        "target": "ModelChara"
      }
    },
    {
      "index": 14,
      "name": "Behavior",
      "converter": {
        "type": "link",
        "target": "CompanionMove"
      }
    },
    {
      "index": 26,
      "name": "Icon",
      "converter": {
        "type": "icon"
      }
    },
    {
      "index": 27,
      "name": "Order"
    },
    {
      "index": 30,
      "name": "Cost"
    },
    {
      "index": 31,
      "name": "HP"
    },
    {
      "index": 33,
      "name": "Skill{Angle}"
    },
    {
      "index": 34,
      "name": "Skill{Cost}"
    },
    {
      "index": 37,
      "name": "MinionRace",
      "converter": {
        "type": "link",
        "target": "MinionRace"
      }
    }
  ]
}